Order_ID,Order_Date,Customer_Segment,Priority,Product_Category,Order_Value_INR,Origin,Destination,Special_Handling,Route,Distance_KM,Fuel_Consumption_L,Toll_Charges_INR,Traffic_Delay_Minutes,Weather_Impact,Carrier,Promised_Delivery_Days,Actual_Delivery_Days,Delivery_Status,Quality_Issue,Customer_Rating,Delivery_Cost_INR,Delivery_Status_Binary,Priority_Score,Delivery_Pressure,Cost_Per_KM,Toll_Ratio,Value_Per_KM,High_Value_Order,Has_Special_Handling,Has_Weather_Impact,Is_Express,Distance_Category,Traffic_Level,Carrier_Delay_Rate,Carrier_Volume
ORD000001,09-10-25,Individual,Express,Industrial,238.73,Kolkata,Hyderabad,,Kolkata-Hyderabad,152.59,23.02,122.08,21,,SpeedyLogistics,1,2,Slightly-Delayed,Perfect,3,387.86,1,3,4.050000000000001,2.5252946155348655,0.31394332150388315,1.554332964385702,0,0,0,1,Short,Medium,0.5121951219512195,41
ORD000002,29-09-25,SMB,Express,Industrial,17.01,Hyderabad,Kolkata,,Hyderabad-Kolkata,362.05,43.98,289.64,33,,SpeedyLogistics,2,3,Slightly-Delayed,Minor_Damage,1,430.19,1,3,4.65,1.1849332047927281,0.6717224425427305,0.046853050544002205,0,0,0,1,Medium,High,0.5121951219512195,41
ORD000003,15-09-25,SMB,Economy,Industrial,3024.95,Mumbai,Pune,,Mumbai-Pune,519.74,65.75,415.79,2,,SpeedyLogistics,10,15,Severely-Delayed,Minor_Damage,3,1039.19,1,1,1.0333333333333334,1.995602411952222,0.39972505023120775,5.808944962937358,1,0,0,0,Long,Low,0.5121951219512195,41
ORD000004,13-10-25,Individual,Economy,Fashion,56.74,Hyderabad,Ahmedabad,,Hyderabad-Ahmedabad,540.87,61.85,432.7,112,,QuickShip,5,5,On-Time,Perfect,5,599.01,0,1,2.8666666666666667,1.1054496465942016,0.721154647422543,0.10471146215882038,0,0,0,0,Long,Severe,0.25806451612903225,31
ORD000005,08-09-25,SMB,Standard,Fashion,19148.65,Chennai,Mumbai,,Chennai-Mumbai,1251.56,147.54,1001.25,10,,SpeedyLogistics,4,5,Slightly-Delayed,Perfect,3,537.9,1,2,2.3333333333333335,0.42944050584403143,1.8579513824457228,15.287610972727855,1,0,0,0,VeryLong,Low,0.5121951219512195,41
ORD000006,21-09-25,Individual,Express,Food & Beverage,158.22,Chennai,Dubai,,Chennai-Dubai,3041.83,365.82,0.0,0,,GlobalTransit,1,2,Slightly-Delayed,Perfect,4,378.99,1,3,3.0,0.12455181525093417,0.0,0.051997646927366956,0,0,0,1,,Low,0.6363636363636364,22
ORD000007,09-10-25,Individual,Standard,Electronics,736.82,Pune,Bangalore,,Pune-Bangalore,854.87,103.85,683.9,10,,QuickShip,3,3,On-Time,Perfect,4,439.72,0,2,2.3333333333333335,0.513769614544265,1.5517789072426935,0.8609017724654445,1,0,0,0,Long,Low,0.25806451612903225,31
ORD000008,19-09-25,Enterprise,Standard,Industrial,4771.54,Chennai,Kolkata,,Chennai-Kolkata,1430.06,173.95,1144.05,81,,GlobalTransit,5,10,Severely-Delayed,Perfect,2,836.35,1,2,4.7,0.5844269282909172,1.3662745566370096,3.334269702178805,1,0,0,0,VeryLong,Severe,0.6363636363636364,22
ORD000009,23-09-25,SMB,Express,Books,3711.35,Delhi,Hong Kong,,Delhi-Hong Kong,3708.13,446.18,0.0,0,,SpeedyLogistics,2,2,On-Time,Perfect,5,414.8,0,3,3.0,0.11183215471013418,0.0,1.0005985231038006,1,0,0,1,,Low,0.5121951219512195,41
ORD000010,11-09-25,SMB,Standard,Electronics,7936.32,Hyderabad,Mumbai,Hazmat,Hyderabad-Mumbai,771.73,88.0,617.39,16,Light_Rain,GlobalTransit,4,9,Severely-Delayed,Minor_Damage,3,891.65,1,2,2.533333333333333,1.1538959274261384,0.6916372598442839,10.270495515898178,1,1,1,0,Long,Medium,0.6363636363636364,22
ORD000011,11-09-25,Enterprise,Standard,Books,41.07,Delhi,Bangkok,,Delhi-Bangkok,4720.83,562.82,0.0,0,,EcoDeliver,3,4,Slightly-Delayed,Perfect,3,319.8,1,2,2.0,0.06772797834737804,0.0,0.008697898907838699,0,0,0,0,,Low,0.375,16
ORD000012,24-09-25,Enterprise,Standard,Electronics,73.42,Mumbai,Hong Kong,,Mumbai-Hong Kong,3797.36,454.22,0.0,0,,ReliableExpress,3,3,On-Time,Perfect,5,583.33,0,2,2.0,0.1535741741172506,0.0,0.019329394791436305,0,0,0,0,,Low,0.525,40
ORD000013,06-10-25,SMB,Standard,Food & Beverage,566.23,Hyderabad,Bangalore,,Hyderabad-Bangalore,164.57,22.21,131.65,102,,QuickShip,3,3,On-Time,Perfect,4,587.57,0,2,5.4,3.548770912604941,0.2236777273731247,3.4198828290149184,1,0,0,0,Short,Severe,0.25806451612903225,31
ORD000014,10-10-25,SMB,Express,Industrial,1421.72,Delhi,Bangalore,,Delhi-Bangalore,1450.16,171.78,1160.13,45,,SpeedyLogistics,2,2,On-Time,Perfect,5,313.96,0,3,5.25,0.21635105708536617,3.6834201168402343,0.9797127814989387,1,0,0,1,VeryLong,High,0.5121951219512195,41
ORD000015,24-09-25,Enterprise,Standard,Industrial,396.69,Kolkata,Delhi,Hazmat,Kolkata-Delhi,1748.33,214.29,1398.67,25,Fog,EcoDeliver,3,3,On-Time,Perfect,5,435.14,0,2,2.8333333333333335,0.24874666300812312,3.206928967762645,0.22676681929653067,0,1,1,0,VeryLong,Medium,0.375,16
ORD000016,03-09-25,Enterprise,Standard,Healthcare,34.57,Delhi,Mumbai,Fragile,Delhi-Mumbai,921.79,114.25,737.43,54,,ReliableExpress,3,3,On-Time,Perfect,5,425.42,0,2,3.8,0.461014965485105,1.7293513437456027,0.03746247792022021,0,1,0,0,Long,High,0.525,40
ORD000017,22-09-25,Individual,Standard,Books,849.69,Hyderabad,Singapore,,Hyderabad-Singapore,2857.35,339.91,0.0,0,Light_Rain,GlobalTransit,5,5,On-Time,Perfect,4,437.4,0,2,2.0,0.15302534679098082,0.0,0.297265905155072,1,0,1,0,,Low,0.6363636363636364,22
ORD000018,02-09-25,Enterprise,Economy,Electronics,301.46,Mumbai,Chennai,Fragile,Mumbai-Chennai,757.12,90.97,605.7,114,,EcoDeliver,7,8,Slightly-Delayed,Perfect,3,658.72,1,1,2.9,0.8688861921595527,0.9181167768144062,0.3976415343217432,0,1,0,0,Long,Severe,0.375,16
ORD000019,24-09-25,Enterprise,Standard,Electronics,296.08,Ahmedabad,Bangalore,Hazmat,Ahmedabad-Bangalore,1571.48,193.39,1257.18,81,,GlobalTransit,5,6,Slightly-Delayed,Wrong_Item,1,417.76,1,2,4.7,0.2656695156695157,3.002149202407107,0.18828856328856328,0,1,0,0,VeryLong,Severe,0.6363636363636364,22
ORD000020,14-10-25,SMB,Express,Fashion,13.24,Kolkata,Pune,Temperature_Controlled,Kolkata-Pune,1123.6,135.75,898.88,6,Fog,QuickShip,2,2,On-Time,Perfect,5,311.13,0,3,3.3000000000000003,0.276658367419527,2.879825713644956,0.011773074871065268,0,1,1,1,VeryLong,Low,0.25806451612903225,31
ORD000021,30-09-25,Individual,Express,Healthcare,1334.39,Mumbai,Singapore,Fragile,Mumbai-Singapore,2601.42,308.26,0.0,0,Heavy_Rain,QuickShip,2,2,On-Time,Perfect,5,526.67,0,3,3.0,0.20237701831372337,0.0,0.5127496714596415,1,1,1,1,,Low,0.25806451612903225,31
ORD000022,08-10-25,Enterprise,Standard,Home Goods,501.6,Bangalore,Dubai,Fragile,Bangalore-Dubai,3317.45,401.56,0.0,0,Heavy_Rain,SpeedyLogistics,3,3,On-Time,Perfect,5,363.82,0,2,2.0,0.10963552260844672,0.0,0.151154906658229,0,1,1,0,,Low,0.5121951219512195,41
ORD000023,02-09-25,SMB,Express,Home Goods,5959.53,Ahmedabad,Dubai,,Ahmedabad-Dubai,2187.37,266.32,0.0,0,,EcoDeliver,1,3,Slightly-Delayed,Perfect,4,577.28,1,3,3.0,0.26379451372482715,0.0,2.72327348665902,1,0,0,1,,Low,0.375,16
ORD000024,21-09-25,Individual,Standard,Fashion,360.77,Bangalore,Kolkata,,Bangalore-Kolkata,967.74,117.39,774.19,30,Light_Rain,ReliableExpress,5,6,Slightly-Delayed,Perfect,3,612.64,1,2,3.0,0.632409108739187,1.2616354866045238,0.3724115861841154,0,0,1,0,Long,Medium,0.525,40
ORD000025,03-10-25,Enterprise,Economy,Fashion,943.42,Mumbai,Hyderabad,,Mumbai-Hyderabad,1396.41,171.86,1117.13,85,Light_Rain,QuickShip,10,10,On-Time,Perfect,5,951.95,0,1,2.416666666666667,0.6812245511338834,1.1722860590797,0.6751204013138592,1,0,1,0,VeryLong,Severe,0.25806451612903225,31
ORD000026,12-09-25,Individual,Standard,Fashion,1404.91,Bangalore,Delhi,,Bangalore-Delhi,1277.31,149.62,1021.84,20,,SpeedyLogistics,5,6,Slightly-Delayed,Perfect,3,629.91,1,2,2.6666666666666665,0.4927677949793086,1.6196287901602449,1.0990370098020044,1,0,0,0,VeryLong,Medium,0.5121951219512195,41
ORD000027,22-09-25,SMB,Standard,Books,29.39,Bangalore,Bangkok,,Bangalore-Bangkok,4413.31,527.38,0.0,0,,SpeedyLogistics,5,5,On-Time,Perfect,5,361.87,0,2,2.0,0.08197657164992943,0.0,0.006657892173408754,0,0,0,0,,Low,0.5121951219512195,41
ORD000028,14-10-25,SMB,Standard,Books,20435.93,Kolkata,Dubai,,Kolkata-Dubai,4872.34,579.77,0.0,0,Fog,GlobalTransit,5,5,On-Time,Perfect,5,620.17,0,2,2.0,0.12725769184994273,0.0,4.193413552101844,1,0,1,0,,Low,0.6363636363636364,22
ORD000029,25-09-25,SMB,Standard,Food & Beverage,211.41,Chennai,Singapore,,Chennai-Singapore,4030.46,486.94,0.0,0,,ReliableExpress,3,3,On-Time,Perfect,5,267.94,0,2,2.0,0.0664622742133123,0.0,0.0524400589364647,0,0,0,0,,Low,0.525,40
ORD000030,19-10-25,SMB,Standard,Food & Beverage,847.13,Delhi,Chennai,Fragile,Delhi-Chennai,124.34,17.3,99.47,24,,GlobalTransit,5,5,On-Time,Perfect,5,530.24,0,2,2.8,4.23041327588958,0.18724117159852421,6.758656454443912,1,1,0,0,Short,Medium,0.6363636363636364,22
ORD000031,27-09-25,Enterprise,Economy,Fashion,1054.55,Mumbai,Bangkok,Temperature_Controlled,Mumbai-Bangkok,2207.09,259.91,0.0,0,Heavy_Rain,QuickShip,7,8,Slightly-Delayed,Perfect,3,871.77,1,1,1.0,0.39480727687730116,0.0,0.4775846998990077,1,1,1,0,,Low,0.25806451612903225,31
ORD000032,12-10-25,Individual,Standard,Healthcare,118.85,Chennai,Dubai,,Chennai-Dubai,4465.78,538.99,0.0,0,Heavy_Rain,ReliableExpress,3,5,Slightly-Delayed,Perfect,3,416.08,1,2,2.0,0.09314987530167146,0.0,0.026607533838693645,0,0,1,0,,Low,0.525,40
ORD000033,28-09-25,SMB,Economy,Electronics,6441.2,Delhi,Chennai,,Delhi-Chennai,1290.06,150.85,1032.05,22,,SpeedyLogistics,5,5,On-Time,Perfect,5,505.95,0,1,1.3666666666666667,0.3918872864158134,2.0358023473715354,4.989078741499234,1,0,0,0,VeryLong,Medium,0.5121951219512195,41
ORD000034,16-09-25,Enterprise,Economy,Books,601.2,Mumbai,Dubai,Temperature_Controlled,Mumbai-Dubai,2232.95,267.03,0.0,0,,ReliableExpress,7,8,Slightly-Delayed,Perfect,3,791.94,1,1,1.0,0.35450211508762514,0.0,0.26911972067414225,1,1,0,0,,Low,0.525,40
ORD000035,15-09-25,Enterprise,Express,Healthcare,292.89,Pune,Delhi,,Pune-Delhi,212.22,23.95,169.77,2,,SpeedyLogistics,2,3,Slightly-Delayed,Perfect,3,602.9,1,3,3.1000000000000005,2.827595910327361,0.28112270243417786,1.3736516274270705,0,0,0,1,Medium,Low,0.5121951219512195,41
ORD000036,17-10-25,SMB,Express,Industrial,496.59,Chennai,Hong Kong,Fragile,Chennai-Hong Kong,3731.12,449.71,0.0,0,,EcoDeliver,2,3,Slightly-Delayed,Perfect,3,518.38,1,3,3.0,0.1388969272156308,0.0,0.13305842255876016,0,1,0,1,,Low,0.375,16
ORD000037,14-10-25,SMB,Express,Books,1269.5,Chennai,Dubai,,Chennai-Dubai,2302.82,280.03,0.0,0,,QuickShip,1,1,On-Time,Minor_Damage,4,253.27,0,3,3.0,0.10993480393433515,0.0,0.5510413139915444,1,0,0,1,,Low,0.25806451612903225,31
ORD000038,03-09-25,Enterprise,Express,Books,410.02,Hyderabad,Singapore,,Hyderabad-Singapore,2338.79,284.08,0.0,0,,SpeedyLogistics,1,6,Severely-Delayed,Perfect,1,669.84,1,3,3.0,0.2862821022399446,0.0,0.17523794870479828,0,0,0,1,,Low,0.5121951219512195,41
ORD000039,07-10-25,SMB,Express,Food & Beverage,1514.58,Bangalore,Dubai,Hazmat,Bangalore-Dubai,3434.78,408.63,0.0,0,Light_Rain,GlobalTransit,2,3,Slightly-Delayed,Perfect,3,368.69,1,3,3.0,0.10730896623183091,0.0,0.440825664041353,1,1,1,1,,Low,0.6363636363636364,22
ORD000040,07-09-25,Enterprise,Standard,Electronics,32.22,Kolkata,Hyderabad,,Kolkata-Hyderabad,1233.65,145.15,986.92,33,,GlobalTransit,5,5,On-Time,Perfect,5,637.37,0,2,3.1,0.5162353703478718,1.5459999686702068,0.02609646458510509,0,0,0,0,VeryLong,High,0.6363636363636364,22
ORD000041,21-09-25,SMB,Express,Electronics,131.37,Bangalore,Bangkok,,Bangalore-Bangkok,4410.45,533.55,0.0,0,,ReliableExpress,1,2,Slightly-Delayed,Perfect,3,581.61,1,3,3.0,0.1318410046583323,0.0,0.029779324258463774,0,0,0,1,,Low,0.525,40
ORD000042,09-09-25,Enterprise,Standard,Home Goods,16.31,Mumbai,Bangkok,Fragile,Mumbai-Bangkok,4718.33,564.41,0.0,0,,ReliableExpress,4,4,On-Time,Perfect,4,588.56,0,2,2.0,0.12471261810468857,0.0,0.003455999050712707,0,1,0,0,,Low,0.525,40
ORD000043,09-10-25,SMB,Economy,Home Goods,8066.8,Delhi,Bangalore,,Delhi-Bangalore,484.25,59.51,387.4,52,,QuickShip,10,12,Slightly-Delayed,Wrong_Item,1,1045.15,1,1,1.8666666666666667,2.1538382277176713,0.37031018496391527,16.624008243173623,1,0,0,0,Medium,High,0.25806451612903225,31
ORD000044,18-09-25,SMB,Express,Home Goods,7910.83,Bangalore,Singapore,,Bangalore-Singapore,2643.88,316.43,0.0,0,Light_Rain,SpeedyLogistics,1,1,On-Time,Perfect,5,150.84,0,3,3.0,0.05703094280269804,0.0,2.9909977012189586,1,0,1,1,,Low,0.5121951219512195,41
ORD000045,04-09-25,Individual,Economy,Home Goods,1032.69,Kolkata,Pune,Hazmat,Kolkata-Pune,419.33,52.52,335.47,31,,SpeedyLogistics,5,5,On-Time,Perfect,4,637.03,0,1,1.5166666666666666,1.5155473080674708,0.525790323339028,2.456855327956606,1,1,0,0,Medium,High,0.5121951219512195,41
ORD000046,25-09-25,Enterprise,Standard,Industrial,88.33,Mumbai,Singapore,,Mumbai-Singapore,3757.59,452.16,0.0,0,,SpeedyLogistics,3,5,Slightly-Delayed,Perfect,3,681.84,1,2,2.0,0.18140845370205316,0.0,0.02350083408937926,0,0,0,0,,Low,0.5121951219512195,41
ORD000047,14-09-25,SMB,Express,Industrial,14542.31,Mumbai,Bangkok,Temperature_Controlled,Mumbai-Bangkok,4047.85,483.16,0.0,0,Light_Rain,QuickShip,1,1,On-Time,Perfect,4,166.22,0,3,3.0,0.04105363251293577,0.0,3.591713696481717,1,1,1,1,,Low,0.25806451612903225,31
ORD000048,20-10-25,Enterprise,Standard,Books,162.94,Delhi,Hyderabad,,Delhi-Hyderabad,1498.31,182.84,1198.65,21,,EcoDeliver,3,3,On-Time,Perfect,5,598.64,0,2,2.7,0.39927700075368006,1.9989493696217733,0.10867665792931415,0,0,0,0,VeryLong,Medium,0.375,16
ORD000049,09-09-25,Individual,Standard,Fashion,293.0,Delhi,Hong Kong,,Delhi-Hong Kong,2359.86,287.35,0.0,0,Light_Rain,GlobalTransit,5,5,On-Time,Major_Damage,3,452.68,0,2,2.0,0.19174368662267138,0.0,0.1241073168252247,0,0,1,0,,Low,0.6363636363636364,22
ORD000050,26-09-25,Individual,Economy,Food & Beverage,512.5,Kolkata,Delhi,,Kolkata-Delhi,782.46,90.48,625.97,33,,SpeedyLogistics,5,5,On-Time,Wrong_Item,4,616.12,0,1,1.55,0.7864090062032522,1.0143408089188488,0.6541495417762234,0,0,0,0,Long,High,0.5121951219512195,41
ORD000051,02-09-25,Enterprise,Economy,Food & Beverage,794.15,Delhi,Pune,,Delhi-Pune,1170.25,135.97,936.2,75,,QuickShip,10,10,On-Time,Perfect,5,920.14,0,1,2.25,0.7856051227321238,1.0163493062943745,0.6780362860192102,1,0,0,0,VeryLong,Severe,0.25806451612903225,31
ORD000052,20-09-25,SMB,Economy,Home Goods,1059.66,Chennai,Hyderabad,Temperature_Controlled,Chennai-Hyderabad,274.67,29.85,219.74,92,,ReliableExpress,7,8,Slightly-Delayed,Perfect,3,765.07,1,1,2.533333333333333,2.775311060325752,0.2868406281410315,3.84394384590271,1,1,0,0,Medium,Severe,0.525,40
ORD000053,28-09-25,Individual,Standard,Books,1125.45,Bangalore,Hyderabad,Temperature_Controlled,Bangalore-Hyderabad,569.49,70.41,455.59,86,,ReliableExpress,3,3,On-Time,Perfect,5,286.91,0,2,4.866666666666667,0.5029185437080405,1.582404223542079,1.972777787515995,1,1,0,0,Long,Severe,0.525,40
ORD000054,17-10-25,SMB,Express,Healthcare,324.8,Bangalore,Mumbai,,Bangalore-Mumbai,893.85,105.67,715.08,43,Light_Rain,EcoDeliver,2,3,Slightly-Delayed,Perfect,3,488.53,1,3,5.15,0.5459350729172486,1.460748064470002,0.3629658602000335,0,0,1,1,Long,High,0.375,16
ORD000055,07-09-25,SMB,Economy,Fashion,1099.0,Hyderabad,Delhi,Fragile,Hyderabad-Delhi,637.66,72.54,510.13,64,,GlobalTransit,7,12,Severely-Delayed,Perfect,3,919.83,1,1,2.0666666666666664,1.4402498982244074,0.5539893357080026,1.720790404910281,1,1,0,0,Long,Severe,0.6363636363636364,22
ORD000056,14-10-25,Enterprise,Economy,Books,303.74,Delhi,Singapore,,Delhi-Singapore,3694.95,447.06,0.0,0,,SpeedyLogistics,7,7,On-Time,Perfect,5,810.13,0,1,1.0,0.2191939826025785,0.0,0.08218184769815609,0,0,0,0,,Low,0.5121951219512195,41
ORD000057,08-09-25,Enterprise,Economy,Fashion,961.94,Kolkata,Bangalore,,Kolkata-Bangalore,1642.24,201.5,1313.79,82,Heavy_Rain,EcoDeliver,10,10,On-Time,Perfect,5,761.7,0,1,2.3666666666666667,0.4635354543462915,1.7225514619116296,0.5853922738005404,1,0,1,0,VeryLong,Severe,0.375,16
ORD000058,17-10-25,Individual,Standard,Fashion,850.6,Delhi,Hong Kong,,Delhi-Hong Kong,3131.95,380.48,0.0,0,,ReliableExpress,4,4,On-Time,Incomplete,3,428.43,0,2,2.0,0.136749708740963,0.0,0.271501300691042,1,0,0,0,,Low,0.525,40
ORD000059,05-10-25,Individual,Standard,Fashion,1266.83,Delhi,Chennai,,Delhi-Chennai,1267.93,152.09,1014.35,32,Heavy_Rain,GlobalTransit,3,7,Severely-Delayed,Perfect,1,749.94,1,2,3.0666666666666664,0.5910018677153193,1.3507736969664685,0.998345062375387,1,0,1,0,VeryLong,High,0.6363636363636364,22
ORD000060,14-09-25,SMB,Economy,Books,1050.42,Pune,Singapore,,Pune-Singapore,4532.75,545.69,0.0,0,,ReliableExpress,5,5,On-Time,Perfect,5,515.07,0,1,1.0,0.11360794044665014,0.0,0.23168899917287017,1,0,0,0,,Low,0.525,40
ORD000061,17-09-25,SMB,Standard,Home Goods,207.75,Mumbai,Singapore,Fragile,Mumbai-Singapore,2762.69,335.28,0.0,0,,ReliableExpress,4,4,On-Time,Perfect,5,558.44,0,2,2.0,0.20206318364215958,0.0,0.07517123845293792,0,1,0,0,,Low,0.525,40
ORD000062,06-10-25,SMB,Economy,Food & Beverage,802.77,Mumbai,Bangalore,,Mumbai-Bangalore,573.35,65.1,458.68,67,Light_Rain,QuickShip,5,5,On-Time,Perfect,4,608.58,0,1,2.1166666666666667,1.059597806215722,0.7524525082843925,1.3977017498041264,1,0,1,0,Long,Severe,0.25806451612903225,31
ORD000063,20-10-25,Individual,Economy,Food & Beverage,1075.03,Kolkata,Singapore,,Kolkata-Singapore,2894.16,343.35,0.0,0,Light_Rain,ReliableExpress,7,9,Slightly-Delayed,Perfect,3,905.22,1,1,1.0,0.31266665745589195,0.0,0.3713197198082317,1,0,1,0,,Low,0.525,40
ORD000064,10-10-25,Individual,Standard,Home Goods,58.17,Mumbai,Bangkok,,Mumbai-Bangkok,3932.45,467.38,0.0,0,,GlobalTransit,4,5,Slightly-Delayed,Perfect,3,589.48,1,2,2.0,0.14986335151076027,0.0,0.014788544407581133,0,0,0,0,,Low,0.6363636363636364,22
ORD000065,04-09-25,Individual,Economy,Fashion,267.45,Hyderabad,Mumbai,,Hyderabad-Mumbai,1726.56,207.19,1381.25,40,,QuickShip,7,7,On-Time,Perfect,5,650.86,0,1,1.6666666666666665,0.37675102456644055,2.1189365814745496,0.1548137257171965,0,0,0,0,VeryLong,High,0.25806451612903225,31
ORD000066,02-09-25,Individual,Economy,Healthcare,1004.43,Delhi,Pune,Fragile,Delhi-Pune,288.66,35.98,230.93,98,,QuickShip,7,12,Severely-Delayed,Perfect,3,755.55,1,1,2.6333333333333333,2.6084029551888417,0.3052408961734188,3.4676172063798933,1,1,0,0,Medium,Severe,0.25806451612903225,31
ORD000067,06-09-25,SMB,Express,Electronics,5239.28,Pune,Singapore,,Pune-Singapore,2157.07,261.52,0.0,0,,ReliableExpress,1,1,On-Time,Perfect,5,196.3,0,3,3.0,0.09096090488260343,0.0,2.427761842757649,1,0,0,1,,Low,0.525,40
ORD000068,12-10-25,Enterprise,Economy,Books,1390.4,Kolkata,Bangalore,,Kolkata-Bangalore,1497.71,183.23,1198.16,15,,ReliableExpress,7,7,On-Time,Perfect,4,511.73,0,1,1.25,0.34144697773418475,2.3368244495153396,0.9277311821499824,1,0,0,0,VeryLong,Medium,0.525,40
ORD000069,04-09-25,Enterprise,Standard,Electronics,5759.28,Chennai,Singapore,,Chennai-Singapore,4609.29,555.42,0.0,0,,ReliableExpress,3,4,Slightly-Delayed,Perfect,3,368.74,1,2,2.0,0.07998195341290895,0.0,1.24922293391522,1,0,0,0,,Low,0.525,40
ORD000070,29-09-25,Individual,Economy,Home Goods,221.95,Pune,Mumbai,,Pune-Mumbai,1453.61,176.97,1162.89,108,,SpeedyLogistics,10,15,Severely-Delayed,Perfect,1,1105.15,1,1,2.8,0.759756910787084,1.0512950323193058,0.15258385409147468,0,0,0,0,VeryLong,Severe,0.5121951219512195,41
ORD000071,18-09-25,SMB,Standard,Healthcare,587.15,Delhi,Bangkok,,Delhi-Bangkok,2409.8,290.69,0.0,0,Light_Rain,ReliableExpress,5,5,On-Time,Perfect,5,646.39,0,2,2.0,0.26812261489961836,0.0,0.2435498589679774,1,0,1,0,,Low,0.525,40
ORD000072,26-09-25,Enterprise,Economy,Books,1351.0,Pune,Bangkok,,Pune-Bangkok,2946.88,355.07,0.0,0,,ReliableExpress,5,9,Severely-Delayed,Perfect,1,762.0,1,1,1.0,0.2584908476600133,0.0,0.4582954530035144,1,0,0,0,,Low,0.525,40
ORD000073,14-10-25,Enterprise,Standard,Home Goods,12.31,Mumbai,Dubai,Fragile,Mumbai-Dubai,4139.62,493.75,0.0,0,Heavy_Rain,ReliableExpress,3,8,Severely-Delayed,Perfect,2,831.61,1,2,2.0,0.20084190290342993,0.0,0.002972984722094759,0,1,1,0,,Low,0.525,40
ORD000074,04-10-25,SMB,Express,Fashion,3890.16,Bangalore,Bangkok,Temperature_Controlled,Bangalore-Bangkok,2862.23,342.15,0.0,0,,ReliableExpress,2,2,On-Time,Perfect,5,596.51,0,3,3.0,0.2083346430429969,0.0,1.3586613719470668,1,1,0,1,,Low,0.525,40
ORD000075,10-09-25,Enterprise,Economy,Food & Beverage,24.75,Delhi,Dubai,,Delhi-Dubai,2334.54,280.3,0.0,0,,ReliableExpress,10,15,Severely-Delayed,Perfect,3,1178.01,1,1,1.0,0.5043844250151999,0.0,0.010597121008417754,0,0,0,0,,Low,0.525,40
ORD000076,06-10-25,Enterprise,Express,Electronics,1799.76,Bangalore,Hyderabad,,Bangalore-Hyderabad,1520.32,177.58,1216.25,36,Heavy_Rain,QuickShip,2,2,On-Time,Perfect,5,477.95,0,3,4.800000000000001,0.31416795940367576,2.5394091241256915,1.1830252675308286,1,0,1,1,VeryLong,High,0.25806451612903225,31
ORD000077,14-09-25,SMB,Standard,Industrial,1130.31,Mumbai,Hong Kong,,Mumbai-Hong Kong,4514.8,543.87,0.0,0,Heavy_Rain,QuickShip,3,3,On-Time,Perfect,5,463.0,0,2,2.0,0.10252889853403604,0.0,0.25030116479914966,1,0,1,0,,Low,0.25806451612903225,31
ORD000078,01-10-25,SMB,Economy,Industrial,12.07,Hyderabad,Chennai,,Hyderabad-Chennai,153.42,20.77,122.73,101,,SpeedyLogistics,7,7,On-Time,Perfect,5,629.54,0,1,2.6833333333333336,4.076803522859733,0.1946426872204777,0.07816345033026811,0,0,0,0,Short,Severe,0.5121951219512195,41
ORD000079,18-10-25,SMB,Economy,Healthcare,13.02,Hyderabad,Bangkok,,Hyderabad-Bangkok,3785.4,449.35,0.0,0,,GlobalTransit,7,8,Slightly-Delayed,Wrong_Item,2,533.76,1,1,1.0,0.14096767377984365,0.0,0.003438622438199873,0,0,0,0,,Low,0.6363636363636364,22
ORD000080,15-09-25,Enterprise,Standard,Fashion,3458.96,Pune,Hyderabad,,Pune-Hyderabad,1737.95,208.74,1390.36,101,Light_Rain,QuickShip,3,3,On-Time,Perfect,5,409.75,0,2,5.366666666666667,0.23563069668478104,3.384930006086427,1.9891083699933867,1,0,1,0,VeryLong,Severe,0.25806451612903225,31
ORD000081,08-09-25,Individual,Standard,Electronics,2495.1,Mumbai,Ahmedabad,,Mumbai-Ahmedabad,873.36,102.48,698.69,80,,ReliableExpress,5,7,Slightly-Delayed,Perfect,3,814.05,1,2,4.666666666666666,0.931023834576147,0.8572357524078279,2.8536300837183766,1,0,0,0,Long,Severe,0.525,40
ORD000082,14-09-25,Enterprise,Standard,Fashion,107.63,Chennai,Hyderabad,,Chennai-Hyderabad,1759.22,207.36,1407.38,52,,SpeedyLogistics,5,6,Slightly-Delayed,Perfect,3,723.21,1,2,3.7333333333333334,0.4108634148004227,1.9433313541652284,0.06114576587017532,0,0,0,0,VeryLong,High,0.5121951219512195,41
ORD000083,23-09-25,SMB,Standard,Electronics,107.47,Bangalore,Bangkok,,Bangalore-Bangkok,3147.74,376.41,0.0,0,,SpeedyLogistics,5,10,Severely-Delayed,Perfect,2,686.42,1,2,2.0,0.21799831043528523,0.0,0.03413111276256534,0,0,0,0,,Low,0.5121951219512195,41
ORD000084,10-10-25,Individual,Standard,Healthcare,870.36,Delhi,Hong Kong,,Delhi-Hong Kong,3306.52,395.1,0.0,0,,ReliableExpress,4,4,On-Time,Perfect,5,486.64,0,2,2.0,0.1471313854489164,0.0,0.2631458010835913,1,0,0,0,,Low,0.525,40
ORD000085,21-09-25,SMB,Standard,Healthcare,395.79,Delhi,Dubai,,Delhi-Dubai,4217.08,503.28,0.0,0,,SpeedyLogistics,4,7,Severely-Delayed,Perfect,1,776.69,1,2,2.0,0.18413353943026212,0.0,0.09383179076736335,0,0,0,0,,Low,0.5121951219512195,41
ORD000086,16-09-25,Individual,Economy,Industrial,1961.75,Delhi,Chennai,,Delhi-Chennai,1070.1,129.09,856.08,116,,SpeedyLogistics,7,10,Severely-Delayed,Perfect,1,626.95,1,1,2.9333333333333336,0.585332835402857,1.3632932558324706,1.831528335356176,1,0,0,0,VeryLong,Severe,0.5121951219512195,41
ORD000087,15-10-25,SMB,Economy,Fashion,828.3,Chennai,Ahmedabad,,Chennai-Ahmedabad,1756.13,214.21,1404.9,72,,SpeedyLogistics,10,10,On-Time,Perfect,4,754.96,0,1,2.2,0.42965517633868866,1.8584316630509552,0.4713936931245838,1,0,0,0,VeryLong,Severe,0.5121951219512195,41
ORD000088,18-09-25,SMB,Economy,Books,4335.3,Bangalore,Hong Kong,Fragile,Bangalore-Hong Kong,4489.29,539.78,0.0,0,,SpeedyLogistics,5,5,On-Time,Perfect,4,690.74,0,1,1.0,0.15382970810348554,0.0,0.9654832984061164,1,1,0,0,,Low,0.5121951219512195,41
ORD000089,17-10-25,Enterprise,Express,Industrial,1728.69,Bangalore,Hong Kong,,Bangalore-Hong Kong,2621.28,311.08,0.0,0,Heavy_Rain,SpeedyLogistics,1,2,Slightly-Delayed,Perfect,3,361.56,1,3,3.0,0.137880012813277,0.0,0.6592316609973,1,0,1,1,,Low,0.5121951219512195,41
ORD000090,24-09-25,SMB,Standard,Fashion,1189.35,Mumbai,Bangkok,Hazmat,Mumbai-Bangkok,4130.41,500.02,0.0,0,,GlobalTransit,4,5,Slightly-Delayed,Perfect,3,381.05,1,2,2.0,0.09223243396322321,0.0,0.2878799247714461,1,1,0,0,,Low,0.6363636363636364,22
ORD000091,26-09-25,Enterprise,Express,Industrial,237.89,Mumbai,Hyderabad,,Mumbai-Hyderabad,904.78,104.17,723.83,43,,GlobalTransit,1,5,Severely-Delayed,Perfect,1,567.01,1,3,5.15,0.6259908587074124,1.274326156229644,0.26263551855859035,0,0,0,1,Long,High,0.6363636363636364,22
ORD000092,25-09-25,Enterprise,Standard,Books,213.15,Mumbai,Ahmedabad,Fragile,Mumbai-Ahmedabad,1728.24,211.82,1382.59,4,,EcoDeliver,5,5,On-Time,Major_Damage,4,694.7,0,2,2.1333333333333333,0.40173717933890035,1.987336495615926,0.12326224237237168,0,1,0,0,VeryLong,Low,0.375,16
ORD000093,15-10-25,Individual,Standard,Food & Beverage,373.29,Ahmedabad,Delhi,,Ahmedabad-Delhi,1206.63,146.24,965.3,31,,QuickShip,4,8,Severely-Delayed,Perfect,1,736.11,1,2,3.033333333333333,0.6095492824789049,1.3095738763549538,0.3091095782648659,0,0,0,0,VeryLong,High,0.25806451612903225,31
ORD000094,11-10-25,SMB,Economy,Food & Beverage,6383.13,Mumbai,Kolkata,Fragile,Mumbai-Kolkata,721.66,83.85,577.33,107,,ReliableExpress,10,11,Slightly-Delayed,Perfect,3,740.51,1,1,2.783333333333333,1.0247004123654277,0.7785869374654422,8.832825948578861,1,1,0,0,Long,Severe,0.525,40
ORD000095,29-09-25,Individual,Standard,Food & Beverage,219.33,Mumbai,Bangalore,Fragile,Mumbai-Bangalore,1623.33,198.27,1298.66,44,,SpeedyLogistics,3,3,On-Time,Perfect,5,403.7,0,2,3.466666666666667,0.2485332413979918,3.2089448974549053,0.1350279807674549,0,1,0,0,VeryLong,High,0.5121951219512195,41
ORD000096,15-09-25,SMB,Express,Food & Beverage,596.33,Delhi,Ahmedabad,,Delhi-Ahmedabad,1768.81,212.53,1415.05,67,,SpeedyLogistics,2,2,On-Time,Perfect,5,380.05,0,3,6.35,0.21474056537142405,3.7135546516205222,0.33694577384012975,1,0,0,1,VeryLong,Severe,0.5121951219512195,41
ORD000097,15-10-25,Individual,Express,Home Goods,13.91,Kolkata,Delhi,,Kolkata-Delhi,1246.02,147.12,996.82,48,Heavy_Rain,ReliableExpress,1,2,Slightly-Delayed,Perfect,3,431.71,1,3,5.4,0.3461933248865295,2.3036675833699247,0.011154592548635949,0,0,1,1,VeryLong,High,0.525,40
ORD000098,01-09-25,SMB,Economy,Electronics,1111.77,Ahmedabad,Bangkok,,Ahmedabad-Bangkok,3012.02,363.69,0.0,0,,SpeedyLogistics,5,9,Severely-Delayed,Perfect,3,853.74,1,1,1.0,0.28335025987215484,0.0,0.3689885895214768,1,0,0,0,,Low,0.5121951219512195,41
ORD000099,25-09-25,SMB,Standard,Home Goods,11917.91,Kolkata,Mumbai,,Kolkata-Mumbai,203.07,26.27,162.46,25,,QuickShip,4,5,Slightly-Delayed,Perfect,4,389.55,1,2,2.8333333333333335,1.9089038075170286,0.4159774676737934,58.40108786200813,1,0,0,0,Medium,Medium,0.25806451612903225,31
ORD000100,07-09-25,SMB,Express,Home Goods,99.44,Chennai,Dubai,,Chennai-Dubai,2023.52,244.13,0.0,0,,QuickShip,2,2,On-Time,Perfect,5,555.86,0,3,3.0,0.2745638472329244,0.0,0.04911781558097722,0,0,0,1,,Low,0.25806451612903225,31
ORD000101,09-09-25,Enterprise,Express,Home Goods,47177.07,Bangalore,Mumbai,,Bangalore-Mumbai,328.27,43.97,262.61,26,Light_Rain,QuickShip,2,2,On-Time,Perfect,5,204.92,0,3,4.3,0.6223464026482826,1.275301087801088,143.27776596713943,1,0,1,1,Medium,Medium,0.25806451612903225,31
ORD000102,24-09-25,Individual,Economy,Food & Beverage,530.26,Mumbai,Singapore,,Mumbai-Singapore,3062.8,372.03,0.0,0,Fog,SpeedyLogistics,5,7,Slightly-Delayed,Perfect,4,598.02,1,1,1.0,0.19518898100398197,0.0,0.17307265487303347,0,0,1,0,,Low,0.5121951219512195,41
ORD000103,01-09-25,Enterprise,Express,Books,8.5,Pune,Delhi,,Pune-Delhi,1155.54,142.95,924.44,61,,GlobalTransit,1,2,Slightly-Delayed,Perfect,3,210.97,1,3,6.05,0.18241478893942276,4.361183186299948,0.007349508015286977,0,0,0,1,VeryLong,Severe,0.6363636363636364,22
ORD000104,14-10-25,Enterprise,Economy,Healthcare,226.26,Kolkata,Singapore,Fragile,Kolkata-Singapore,3639.73,436.1,0.0,0,,QuickShip,5,5,On-Time,Perfect,5,507.19,0,1,1.0,0.13930997354926072,0.0,0.062146877137277415,0,1,0,0,,Low,0.25806451612903225,31
ORD000105,08-09-25,SMB,Economy,Healthcare,2968.04,Chennai,Bangalore,,Chennai-Bangalore,381.77,45.27,305.42,43,Heavy_Rain,SpeedyLogistics,10,10,On-Time,Perfect,5,810.33,0,1,1.7166666666666668,2.117015440081511,0.37644361727040787,7.754108211197325,1,0,1,0,Medium,High,0.5121951219512195,41
ORD000106,24-09-25,Enterprise,Express,Electronics,8094.79,Kolkata,Pune,Hazmat,Kolkata-Pune,1246.39,145.94,997.11,74,Light_Rain,ReliableExpress,1,4,Severely-Delayed,Perfect,1,504.67,1,3,6.7,0.4045807646365611,1.971859117606344,6.489381829259493,1,1,1,1,VeryLong,Severe,0.525,40
ORD000107,11-09-25,Individual,Express,Food & Beverage,1184.59,Kolkata,Bangalore,,Kolkata-Bangalore,1551.43,183.59,1241.15,69,,ReliableExpress,1,1,On-Time,Perfect,5,216.25,0,3,6.449999999999999,0.13929774611415652,5.713003452243959,0.7630553390491036,1,0,0,1,VeryLong,Severe,0.525,40
ORD000108,17-09-25,Individual,Economy,Food & Beverage,4236.07,Chennai,Ahmedabad,,Chennai-Ahmedabad,1182.12,141.84,945.69,55,Light_Rain,EcoDeliver,10,10,On-Time,Perfect,4,858.3,0,1,1.9166666666666665,0.7254547298667929,1.100535319446061,3.5804229494894857,1,0,1,0,VeryLong,High,0.375,16
ORD000109,08-09-25,Individual,Standard,Food & Beverage,68.95,Ahmedabad,Hong Kong,,Ahmedabad-Hong Kong,4943.43,593.91,0.0,0,,SpeedyLogistics,3,3,On-Time,Perfect,5,267.91,0,2,2.0,0.054184203234751024,0.0,0.013944984558381855,0,0,0,0,,Low,0.5121951219512195,41
ORD000110,05-10-25,SMB,Standard,Industrial,145.42,Pune,Dubai,,Pune-Dubai,3310.99,398.25,0.0,0,,ReliableExpress,5,10,Severely-Delayed,Perfect,2,904.76,1,2,2.0,0.27317715331266096,0.0,0.043907137400777174,0,0,0,0,,Low,0.525,40
ORD000111,05-10-25,Enterprise,Economy,Fashion,32.49,Chennai,Delhi,Fragile,Chennai-Delhi,1157.98,143.77,926.39,3,Light_Rain,QuickShip,10,10,On-Time,Perfect,5,978.66,0,1,1.05,0.8444149165645654,0.9456239919972236,0.02803327063452346,0,1,1,0,VeryLong,Low,0.25806451612903225,31
ORD000112,03-10-25,Individual,Economy,Industrial,162.78,Chennai,Hyderabad,,Chennai-Hyderabad,1344.61,159.9,1075.69,16,Fog,GlobalTransit,10,10,On-Time,Perfect,4,735.91,0,1,1.2666666666666666,0.546896946366332,1.4597304962614162,0.12097115806214283,0,0,1,0,VeryLong,Medium,0.6363636363636364,22
ORD000113,05-09-25,SMB,Economy,Fashion,1265.06,Mumbai,Pune,Fragile,Mumbai-Pune,986.48,123.15,789.19,118,,SpeedyLogistics,10,15,Severely-Delayed,Perfect,1,1056.9,1,1,2.966666666666667,1.0703001579778832,0.7459967860856414,1.2810993640377526,1,1,0,0,Long,Severe,0.5121951219512195,41
ORD000114,12-10-25,Individual,Economy,Food & Beverage,555.01,Chennai,Kolkata,,Chennai-Kolkata,1552.18,188.99,1241.74,99,,ReliableExpress,7,7,On-Time,Perfect,5,601.56,0,1,2.65,0.3873086184473145,2.060774030801912,0.3573378488005253,1,0,0,0,VeryLong,Severe,0.525,40
ORD000115,09-10-25,Individual,Standard,Food & Beverage,1482.93,Mumbai,Kolkata,,Mumbai-Kolkata,1189.05,144.35,951.24,58,Fog,SpeedyLogistics,3,3,On-Time,Perfect,5,252.68,0,2,3.9333333333333336,0.21232721314230496,3.749763481551561,1.246107306415697,1,0,1,0,VeryLong,High,0.5121951219512195,41
ORD000116,11-10-25,Individual,Express,Industrial,99.01,Bangalore,Kolkata,,Bangalore-Kolkata,1398.08,171.32,1118.47,43,,GlobalTransit,2,2,On-Time,Minor_Damage,4,354.35,0,3,5.15,0.25327357978099896,3.147516532995638,0.07076793321325443,0,0,0,1,VeryLong,High,0.6363636363636364,22
ORD000117,28-09-25,Enterprise,Economy,Industrial,108.5,Ahmedabad,Delhi,,Ahmedabad-Delhi,115.37,12.41,92.29,27,,SpeedyLogistics,5,5,On-Time,Perfect,4,666.69,0,1,1.45,5.729053879865945,0.1382228279590828,0.9323708859671737,0,0,0,0,Short,Medium,0.5121951219512195,41
ORD000118,07-09-25,SMB,Standard,Fashion,548.35,Bangalore,Kolkata,,Bangalore-Kolkata,1178.42,138.63,942.73,103,Light_Rain,ReliableExpress,4,4,On-Time,Perfect,5,538.4,0,2,5.433333333333334,0.4564955656169981,1.7477382276603635,0.46493191568737174,0,0,1,0,VeryLong,Severe,0.525,40
ORD000119,09-09-25,Individual,Standard,Healthcare,163.37,Bangalore,Bangkok,,Bangalore-Bangkok,4186.58,498.34,0.0,0,,ReliableExpress,3,7,Severely-Delayed,Perfect,1,490.5,1,2,2.0,0.11713209061080625,0.0,0.039012986020565577,0,0,0,0,,Low,0.525,40
ORD000120,08-09-25,SMB,Economy,Fashion,2843.45,Delhi,Mumbai,,Delhi-Mumbai,149.59,17.76,119.67,12,,ReliableExpress,5,5,On-Time,Perfect,5,688.86,0,1,1.2,4.574407331164088,0.17346997941611342,18.882063882063882,1,0,0,0,Short,Medium,0.525,40
ORD000121,12-09-25,Enterprise,Express,Industrial,157.41,Mumbai,Pune,,Mumbai-Pune,1632.35,192.42,1305.88,118,Heavy_Rain,GlobalTransit,1,1,On-Time,Perfect,4,362.43,0,3,8.9,0.2218936541463863,3.593209146190463,0.09637248599504088,0,0,1,1,VeryLong,Severe,0.6363636363636364,22
ORD000122,04-10-25,SMB,Standard,Books,191.89,Kolkata,Mumbai,,Kolkata-Mumbai,1788.53,210.07,1430.83,92,,SpeedyLogistics,3,3,On-Time,Perfect,5,586.69,0,2,5.066666666666666,0.327845858968556,2.4346679371777635,0.1072292724905422,0,0,0,0,VeryLong,Severe,0.5121951219512195,41
ORD000123,03-10-25,Individual,Express,Industrial,756.16,Mumbai,Hong Kong,,Mumbai-Hong Kong,3906.33,464.67,0.0,0,,QuickShip,2,2,On-Time,Minor_Damage,3,432.09,0,3,3.0,0.11058446560694898,0.0,0.19352345463526244,1,0,0,1,,Low,0.25806451612903225,31
ORD000124,18-10-25,SMB,Standard,Books,224.99,Mumbai,Pune,,Mumbai-Pune,198.09,23.22,158.48,89,,QuickShip,5,5,On-Time,Perfect,5,573.88,0,2,4.966666666666667,2.8825154452760056,0.2756749234622878,1.1300919182279372,0,0,0,0,Short,Severe,0.25806451612903225,31
ORD000125,23-09-25,SMB,Express,Electronics,63.28,Delhi,Mumbai,,Delhi-Mumbai,1438.83,170.17,1151.07,83,,SpeedyLogistics,2,3,Slightly-Delayed,Perfect,3,292.1,1,3,7.15,0.2028711722911733,3.9272262026612075,0.04394963294277797,0,0,0,1,VeryLong,Severe,0.5121951219512195,41
ORD000126,24-09-25,Enterprise,Express,Industrial,77.55,Kolkata,Pune,,Kolkata-Pune,806.53,100.26,645.22,0,,ReliableExpress,1,2,Slightly-Delayed,Perfect,3,266.94,1,3,3.0,0.33056357039366957,2.4080764350227666,0.09603358389162013,0,0,0,1,Long,Low,0.525,40
ORD000127,07-10-25,SMB,Express,Electronics,903.84,Kolkata,Hong Kong,,Kolkata-Hong Kong,4754.72,566.58,0.0,0,,EcoDeliver,2,2,On-Time,Perfect,5,588.81,0,3,3.0,0.12381090560419872,0.0,0.1900532411496051,1,0,0,1,,Low,0.375,16
ORD000128,05-10-25,Individual,Standard,Healthcare,52.56,Mumbai,Singapore,,Mumbai-Singapore,2662.56,314.9,0.0,0,,ReliableExpress,3,4,Slightly-Delayed,Perfect,3,391.39,1,2,2.0,0.14694243794020034,0.0,0.019732988932105906,0,0,0,0,,Low,0.525,40
ORD000129,14-10-25,Enterprise,Economy,Fashion,3280.49,Bangalore,Bangkok,,Bangalore-Bangkok,2525.67,306.75,0.0,0,,ReliableExpress,5,7,Slightly-Delayed,Perfect,3,840.98,1,1,1.0,0.3328412495498027,0.0,1.2983452528426742,1,0,0,0,,Low,0.525,40
ORD000130,10-10-25,SMB,Standard,Books,143.22,Bangalore,Delhi,,Bangalore-Delhi,1715.78,206.71,1372.62,10,,EcoDeliver,5,5,On-Time,Perfect,5,562.77,0,2,2.3333333333333335,0.3278055429350295,2.4347162850098445,0.08342361863488625,0,0,0,0,VeryLong,Low,0.375,16
ORD000131,22-09-25,Individual,Economy,Fashion,1016.71,Chennai,Delhi,Temperature_Controlled,Chennai-Delhi,826.75,97.47,661.4,114,,SpeedyLogistics,5,5,On-Time,Perfect,5,404.32,0,1,2.9,0.4884566596194503,1.6317970985887693,1.2282814859559046,1,1,0,0,Long,Severe,0.5121951219512195,41
ORD000132,27-09-25,Individual,Standard,Electronics,156.71,Chennai,Kolkata,,Chennai-Kolkata,700.19,87.96,560.15,70,Light_Rain,QuickShip,5,6,Slightly-Delayed,Perfect,4,439.72,1,2,4.333333333333334,0.6271053494773171,1.2709883826465782,0.223491493033272,0,0,1,0,Long,Severe,0.25806451612903225,31
ORD000133,05-10-25,SMB,Standard,Books,102.22,Delhi,Bangkok,,Delhi-Bangkok,3202.83,386.97,0.0,0,Light_Rain,EcoDeliver,5,5,On-Time,Wrong_Item,4,433.55,0,2,2.0,0.13532241098934714,0.0,0.031905563029249365,0,0,1,0,,Low,0.375,16
ORD000134,01-09-25,Individual,Economy,Fashion,583.56,Bangalore,Chennai,,Bangalore-Chennai,1611.11,193.78,1288.89,108,,SpeedyLogistics,5,6,Slightly-Delayed,Perfect,3,770.25,1,1,2.8,0.4777899771107431,1.6711701782820099,0.36198522433332714,1,0,0,0,VeryLong,Severe,0.5121951219512195,41
ORD000135,05-10-25,SMB,Standard,Industrial,1954.08,Bangalore,Kolkata,,Bangalore-Kolkata,416.43,48.29,333.14,102,,ReliableExpress,3,6,Severely-Delayed,Perfect,1,565.66,1,2,5.4,1.3551014541360227,0.5879010341298133,4.681216012265529,1,0,0,0,Medium,Severe,0.525,40
ORD000136,07-10-25,Enterprise,Economy,Food & Beverage,278.37,Hyderabad,Ahmedabad,,Hyderabad-Ahmedabad,1181.27,140.4,945.02,14,Heavy_Rain,QuickShip,5,10,Severely-Delayed,Perfect,1,758.17,1,1,1.2333333333333334,0.6412832940022161,1.2448068285100835,0.2354538303433226,0,0,1,0,VeryLong,Medium,0.25806451612903225,31
ORD000137,17-10-25,Individual,Express,Electronics,365.69,Bangalore,Bangkok,,Bangalore-Bangkok,3380.01,401.55,0.0,0,Light_Rain,QuickShip,2,2,On-Time,Perfect,5,325.28,0,3,3.0,0.09620793786472089,0.0,0.10815998769598432,0,0,1,1,,Low,0.25806451612903225,31
ORD000138,14-09-25,Individual,Economy,Fashion,1354.42,Delhi,Mumbai,Temperature_Controlled,Delhi-Mumbai,180.99,23.99,144.79,92,Light_Rain,ReliableExpress,10,13,Severely-Delayed,Incomplete,3,808.82,1,1,2.533333333333333,4.444310126930051,0.1787928181571213,7.442277048189461,1,1,1,0,Short,Severe,0.525,40
ORD000139,03-09-25,Individual,Express,Electronics,1423.38,Delhi,Pune,,Delhi-Pune,1212.91,142.06,970.32,56,,EcoDeliver,1,4,Severely-Delayed,Perfect,1,495.14,1,3,5.8,0.40788855845985283,1.9557382996734793,1.17255809738778,1,0,0,1,VeryLong,High,0.375,16
ORD000140,01-09-25,Individual,Economy,Home Goods,380.8,Bangalore,Chennai,,Bangalore-Chennai,177.19,19.16,141.75,108,,ReliableExpress,10,10,On-Time,Perfect,4,652.02,0,1,2.8,3.6591278971883945,0.2170683899421151,2.1370447275380213,0,0,0,0,Short,Severe,0.525,40
ORD000141,05-09-25,SMB,Standard,Electronics,207.43,Kolkata,Bangkok,,Kolkata-Bangkok,2383.6,288.69,0.0,0,,SpeedyLogistics,4,6,Slightly-Delayed,Perfect,3,734.19,1,2,2.0,0.3078881154071962,0.0,0.08698733540216388,0,0,0,0,,Low,0.5121951219512195,41
ORD000142,26-09-25,SMB,Economy,Books,456.68,Bangalore,Hong Kong,,Bangalore-Hong Kong,3249.7,390.19,0.0,0,,EcoDeliver,7,7,On-Time,Perfect,5,598.16,0,1,1.0,0.18400959793275296,0.0,0.1404866644107423,0,0,0,0,,Low,0.375,16
ORD000143,14-09-25,Individual,Express,Home Goods,302.97,Chennai,Ahmedabad,,Chennai-Ahmedabad,1754.23,207.77,1403.39,37,,SpeedyLogistics,1,2,Slightly-Delayed,Incomplete,1,349.92,1,3,4.85,0.19935848863111957,3.9991736008207,0.17260985739760604,0,0,0,1,VeryLong,High,0.5121951219512195,41
ORD000144,09-10-25,SMB,Standard,Books,645.14,Kolkata,Hong Kong,,Kolkata-Hong Kong,3312.45,401.32,0.0,0,,GlobalTransit,3,5,Slightly-Delayed,Wrong_Item,2,539.6,1,2,2.0,0.16285140865261286,0.0,0.1947034058156906,1,0,0,0,,Low,0.6363636363636364,22
ORD000145,27-09-25,Individual,Economy,Food & Beverage,67.26,Bangalore,Delhi,,Bangalore-Delhi,424.9,49.09,339.92,114,,QuickShip,10,10,On-Time,Perfect,5,777.65,0,1,2.9,1.8258980981451045,0.436550439863867,0.15792439539798075,0,0,0,0,Medium,Severe,0.25806451612903225,31
ORD000146,09-09-25,Individual,Standard,Home Goods,611.41,Delhi,Bangalore,Temperature_Controlled,Delhi-Bangalore,1361.22,166.83,1088.98,86,,QuickShip,4,5,Slightly-Delayed,Perfect,3,747.94,1,2,4.866666666666667,0.5490596232620282,1.4540283600822494,0.44883352175125896,1,1,0,0,VeryLong,Severe,0.25806451612903225,31
ORD000147,15-09-25,Individual,Standard,Industrial,137.35,Hyderabad,Chennai,,Hyderabad-Chennai,1623.27,197.97,1298.62,111,Light_Rain,GlobalTransit,5,6,Slightly-Delayed,Perfect,3,618.15,1,2,5.7,0.3805709641869886,2.097423887587822,0.08456106435506412,0,0,1,0,VeryLong,Severe,0.6363636363636364,22
ORD000148,15-09-25,SMB,Standard,Electronics,1570.0,Delhi,Mumbai,,Delhi-Mumbai,408.74,47.76,326.99,46,Light_Rain,EcoDeliver,3,3,On-Time,Perfect,5,285.28,0,2,3.533333333333333,0.6962464001561965,1.1422034371943552,3.8316981500463707,1,0,1,0,Medium,High,0.375,16
ORD000149,26-09-25,SMB,Standard,Fashion,147.13,Bangalore,Chennai,,Bangalore-Chennai,1774.26,215.45,1419.41,84,,ReliableExpress,4,4,On-Time,Perfect,5,542.75,0,2,4.8,0.30572986492119464,2.610409195402299,0.08287800096887216,0,0,0,0,VeryLong,Severe,0.525,40
ORD000150,12-10-25,Enterprise,Standard,Healthcare,151.01,Ahmedabad,Dubai,,Ahmedabad-Dubai,2448.8,292.66,0.0,0,,QuickShip,5,5,On-Time,Perfect,4,410.63,0,2,2.0,0.16761776471548698,0.0,0.06164176667483059,0,0,0,0,,Low,0.25806451612903225,31
